Request ID,Control Ref,Description,Owner,Due Date,Format,Status
PBC-001,GOV-01,Information security policy library export showing current versions with approval dates and approvers,CISO,2026-10-15,PDF or CSV from policy management system,Open
PBC-002,GOV-02,PCI DSS program charter signed by CEO; board or executive committee minutes showing charter communication,CEO / CISO,2026-10-15,PDF,Open
PBC-003,GOV-03,Enterprise risk assessment current version with Risk Committee approval minutes,Director of GRC,2026-10-15,Excel or PDF + PDF,Open
PBC-004,GOV-04,Targeted risk analysis (TRA) documents for PCI requirements allowing frequency flexibility,Director of GRC,2026-10-20,PDF or Word (one per TRA),Open
PBC-005,GOV-05,PCI DSS scope confirmation memos for the past 12 months (semiannual: two memos); updated data-flow diagram; in-scope inventory export,Director of GRC,2026-10-15,PDF + Visio/Lucidchart + CSV,Open
PBC-006,GOV-06,Quarterly operational review workpapers for the past 12 months (four quarters) with samples and sign-offs,Director of GRC,2026-10-20,PDF or Word,Open
PBC-007,GOV-07,GRC platform issue register export showing open and closed findings; monthly Risk Committee reports for past 12 months; GovRAMP POA&M current version,Director of GRC,2026-10-15,CSV + PDF + Excel,Open
PBC-008,GOV-08,GovRAMP continuous monitoring submission confirmations for past 12 months; sample package files (one month),Director of GRC,2026-10-20,Email confirmations + ZIP of one monthly package,Open
PBC-009,ACC-01,ServiceNow access request export for the audit period with approvals and provisioned dates,IAM Manager,2026-10-25,CSV from ServiceNow,Open
PBC-010,ACC-02,HRIS termination report for audit period; contractor roster with end dates; Okta System Log deactivation events for sampled terminations; AWS access removal evidence,IAM Manager / HR,2026-10-25,CSV + CSV + JSON or CSV + CLI output,Open
PBC-011,ACC-03,Okta inactivity automation configuration screenshot; legacy system security settings; list of accounts disabled by inactivity rule,IAM Manager,2026-10-30,Screenshot + Screenshot + CSV,Open
PBC-012,ACC-04,Access review campaign exports for past 12 months (quarterly privileged/CDE; semiannual other) with reviewer decisions; removal tickets; management sign-offs,IAM Manager,2026-11-05,CSV + ServiceNow ticket exports + Email or PDF,Open
PBC-013,ACC-05,AWS IAM credential report; IAM Identity Center permission set assignments; root-login alert rule configuration and test alert,IAM Manager / Cloud Platform Eng,2026-10-25,CSV + CSV + Screenshot + Sample alert,Open
PBC-014,ACC-06,Okta authentication policy configuration showing MFA enforcement; Okta System Log showing per-session MFA challenges for sampled logins; MFA exception register,IAM Manager,2026-10-30,Screenshot + JSON or CSV + Excel,Open
PBC-015,ACC-07,Okta password and session policy settings; legacy system and database parameter exports with system name and date,IAM Manager / DBA,2026-10-30,Screenshot + CLI output or config file,Open
PBC-016,ACC-08,Service account inventory; AWS Secrets Manager rotation configuration; secrets scanning results; semiannual review sign-off,Cloud Platform Eng,2026-11-01,Excel + Screenshot + Report + Email,Open
PBC-017,ACC-09,Database role and grant listings; DBA role member list tied to access approvals,DBA Lead,2026-10-30,SQL query output + Approval records,Open
PBC-018,ACC-10,Vendor remote access tickets with approval and time window; account enable/disable events; session logs,IT Operations Manager,2026-11-01,ServiceNow ticket export + System logs,Open
PBC-019,ACC-11,HRIS job change report for audit period; ServiceNow transfer tasks with completion dates; Okta group removal events,IAM Manager / HR,2026-11-05,CSV + ServiceNow export + JSON or CSV,Open
PBC-020,CHG-01 CHG-02 CHG-05,ServiceNow change record export for audit period; sample change records with approvals and linked GitHub PRs; deployment logs showing CI/CD actor,Director of Engineering,2026-11-10,CSV + ServiceNow detailed records + CloudTrail or GitHub Actions logs,Open
PBC-021,CHG-03,CI/CD pipeline configuration (GitHub Actions workflows); SAST and dependency scan results for sampled PRs; SBOM export; secure coding training completion report,AppSec Lead,2026-11-10,YAML files + Scan reports + JSON or CSV + LMS report,Open
PBC-022,CHG-04,AWS Organizations account structure diagram; SCPs; PAN discovery scan results for non-production; go-live checklist template,Director of Engineering,2026-11-05,Diagram + JSON + Report + PDF or Word,Open
PBC-023,CHG-06,Significant change checklist samples; post-change scan results for sampled significant changes,Director of GRC,2026-11-10,PDF or Word + Scan reports,Open
PBC-024,CHG-07,Payment page script inventory with justification and approver; CSP and SRI configuration in page source; change records for script additions,AppSec Lead,2026-11-10,Excel + HTML source snippet + ServiceNow export,Open
PBC-025,CHG-08,Payment page change detection tool configuration showing pages monitored and frequency; run history; sample alert and investigation ticket,Security Operations Manager,2026-11-10,Screenshot + Report + Sample alert + Ticket,Open
PBC-026,CHG-09,Configuration standard document; image build pipeline configuration; AWS Config compliance dashboard export,Cloud Platform Eng,2026-11-05,PDF + GitHub repo link or config files + CSV,Open
PBC-027,OPS-01,AWS Backup plan configuration; Backup Audit Manager report for audit period; backup job history; failure incident samples,IT Operations Manager,2026-11-15,Screenshots + Report + CSV + ServiceNow tickets,Open
PBC-028,OPS-02,Quarterly restore test records for past 12 months (four tests per system; eight total) with data integrity checks and reviewer sign-offs,IT Operations Manager,2026-11-15,PDF or Word,Open
PBC-029,OPS-03,Batch job scheduler history for audit period (settlement remittance ACH file generation); control total reconciliation reports; incident tickets for failures,Payment Operations Manager,2026-11-15,Logs or CSV + Reports + ServiceNow export,Open
PBC-030,OPS-04,CloudWatch alarm configuration; monthly capacity review records for past 12 months; auto scaling policy configuration,Cloud Platform Eng,2026-11-10,Screenshots + PDF or Excel + Screenshot,Open
PBC-031,OPS-05,In-scope system inventory export with monthly reconciliation notes for past 12 months; GovRAMP inventory workbook current version,IT Operations Manager,2026-11-15,CSV + Excel,Open
PBC-032,OPS-06,EDR console coverage report reconciled to inventory; EDR policy settings; malware risk evaluation record for excluded systems (if any),Security Operations Manager,2026-11-10,Report + Screenshots + Memo,Open
PBC-033,LOG-01,CloudTrail trail configuration showing all regions and log file validation enabled; SIEM source coverage report reconciled to in-scope inventory; sample log records,Security Operations Manager,2026-11-20,Screenshots + Report + JSON,Open
PBC-034,LOG-02,S3 log archive bucket configuration (Object Lock retention); SIEM retention settings; IAM access listing for log account,Security Operations Manager,2026-11-20,Screenshots + Screenshots + CSV,Open
PBC-035,LOG-03,SIEM correlation rule inventory; alert queue export for audit period with triage timestamps; sampled alert investigation tickets,Security Operations Manager,2026-11-20,Report + CSV + ServiceNow tickets,Open
PBC-036,LOG-04,Critical control failure alert rule configurations (heartbeat monitoring); failure alert history for audit period; sampled failure tickets with root cause and remediation,Security Operations Manager,2026-11-20,Screenshots + CSV + ServiceNow tickets,Open
PBC-037,LOG-05,NTP/chrony configuration from baseline image; AWS Config compliance check for time synchronization,Cloud Platform Eng,2026-11-15,Config file + Report,Open
PBC-038,LOG-06,GuardDuty enabled status for all accounts and regions; IDS placement diagram; sample GuardDuty findings,Security Operations Manager,2026-11-20,Screenshot + Diagram + Report,Open
PBC-039,LOG-07,FIM policy configuration with monitored file paths; scan schedule; sample FIM alert with investigation,Security Operations Manager,2026-11-20,Config file or screenshot + Screenshot + Alert + Ticket,Open
PBC-040,VUL-01,Internal vulnerability scan job configuration showing authenticated scans; monthly scan reports for past 12 months; rescan evidence for high/critical findings; credential-exempt systems list with justification,Security Operations Manager,2026-11-25,Screenshot + Reports + Reports + Memo,Open
PBC-041,VUL-02,ASV quarterly scan reports and attestations of scan compliance for past four quarters; rescan reports showing passing results,Security Operations Manager,2026-11-25,PDF (ASV reports),Open
PBC-042,VUL-03,Vulnerability management policy with patch SLAs; patch compliance report for most recent month; SLA aging report; POA&M entries for overdue vulnerabilities,IT Operations Manager,2026-11-25,PDF + Report + Report + Excel,Open
PBC-043,VUL-04,Annual penetration test report for most recent year; pen test methodology; rules of engagement; tester qualifications and independence statement; retest letter for findings,CISO,2026-11-30,PDF + PDF + PDF + Resume or cert + PDF,Open
PBC-044,VUL-05,Semiannual segmentation penetration test reports for past 12 months (two reports); list of segmentation controls tested reconciled to scope doc,CISO,2026-11-30,PDF + Excel or PDF,Open
PBC-045,VUL-06,AWS WAF web ACL configuration showing rules and blocking mode; WAF association with CloudFront and ALB; SIEM WAF log source confirmation,AppSec Lead,2026-11-20,Screenshots + Screenshots + Screenshot,Open
PBC-046,VUL-07,Technology review record showing hardware and software reviewed for vendor support and EOL; EOL roadmap approved by management,IT Operations Manager,2026-11-25,Memo or Excel + PDF or Excel,Open
PBC-047,NET-01,Network security control standard document; Terraform repository history for NSC changes; ports and protocols register with justifications,Network Security Lead,2026-12-01,PDF + Git log or commit list + Excel,Open
PBC-048,NET-02,NSC rule review workpapers for past 12 months (semiannual: two reviews) with reviewer sign-off and resulting change tickets,Network Security Lead,2026-12-01,PDF or Excel + ServiceNow export,Open
PBC-049,NET-03,Security group and route table exports showing default-deny and allow-listed traffic; VPC Reachability Analyzer results; proxy allow list,Network Security Lead,2026-12-01,CLI output or Terraform state + Report + Config file,Open
PBC-050,NET-04,Current network diagram and cardholder data flow diagram with approval and date; most recent scope confirmation memo referencing these diagrams,Network Security Lead / GRC,2026-11-25,Visio or Lucidchart + PDF,Open
PBC-051,NET-05,MDM compliance report showing managed devices; device trust policy in Okta; AWS Systems Manager Session Manager access configuration,IT Operations Manager,2026-12-01,Report + Screenshot + Screenshot,Open
PBC-052,NET-06,Authorized wireless access point inventory with justification; quarterly wireless scan results for colocation site for past 12 months,Network Security Lead,2026-12-05,Excel + Reports,Open
PBC-053,CRY-01,Database encryption configuration (RDS encryption AWS KMS; legacy column-level encryption); database schema showing token and truncated PAN columns; masked screen samples; PAN discovery scan results,DBA Lead,2026-12-05,Screenshots + SQL schema export + Screenshots + Report,Open
PBC-054,CRY-02,Load balancer TLS policy configuration; external TLS scan results; certificate inventory export,Cloud Platform Eng,2026-12-05,Screenshot + Scan report + CSV,Open
PBC-055,CRY-03,Key management procedures document; AWS KMS key policies and rotation status; key custodian forms (legacy system); key ceremony log (legacy),CISO / DBA Lead,2026-12-05,PDF + Screenshots + PDF + PDF,Open
PBC-056,CRY-04,Cipher and protocol inventory with purpose and location; annual cryptographic review record,Cloud Platform Eng,2026-12-10,Excel + Memo,Open
PBC-057,IR-01,Incident response plan current version with approval; IR contact lists; lessons-learned updates from past incidents,CISO,2026-12-10,PDF + Excel + Memos or email,Open
PBC-058,IR-02,Tabletop exercise documentation for past 12 months: agenda attendance scenario after-action report tracked actions,Security Operations Manager,2026-12-10,PDF,Open
PBC-059,IR-03,On-call schedule export for past 12 months; incident responder training records; TRA for training frequency,Security Operations Manager,2026-12-10,CSV or calendar export + LMS report + PDF,Open
PBC-060,IR-04,Security incident register export for audit period; sampled detailed incident tickets; monthly incident summary reports to management,Security Operations Manager,2026-12-15,CSV + ServiceNow tickets + PDF,Open
PBC-061,VEN-01,Third-party service provider inventory; PCI responsibility matrix per TPSP,Vendor Risk Manager,2026-12-10,Excel + Matrix per vendor,Open
PBC-062,VEN-02,Vendor due diligence files for new vendors onboarded during audit period (tiering questionnaire security assessment); executed contract clauses for account data handling,Vendor Risk Manager,2026-12-15,PDF per vendor + Contract excerpts,Open
PBC-063,VEN-03,Completed SOC report review checklists for all Tier 1 vendors; vendor AOC copies; CUEC mapping to Keystone controls; follow-up tickets for issues found,Vendor Risk Manager,2026-12-15,PDF or Excel + PDF per vendor + Excel + ServiceNow export,Open
PBC-064,VEN-04,Customer contract template clauses for PCI responsibility acknowledgment; customer responsibility matrix; log of AOC requests fulfilled,Director of GRC,2026-12-15,PDF + PDF + Excel or email log,Open
PBC-065,PHY-01,Colocation facility access list with quarterly review sign-offs for past 12 months; video retention setting confirmation; visitor logs for sampled dates,IT Operations Manager,2026-12-10,PDF or email + Email or screenshot + Logs from facility,Open
PBC-066,PHY-02,Media inventory with annual reconciliation; offsite storage records; destruction certificates for media destroyed during audit period,IT Operations Manager,2026-12-15,Excel + Facility invoices + Certificates,Open
PBC-067,HR-01,Background check completion report reconciled to new hire list for audit period,HR Director,2026-12-01,Report from screening vendor,Open
PBC-068,HR-02,LMS security awareness training completion report reconciled to HR roster; training course content outline; policy acknowledgment records; annual program review record,HR Director / CISO,2026-12-15,Report + PDF + PDF or LMS export + Memo,Open
PBC-069,HR-03,DNS DMARC record (dig or DNS query output); email security configuration (link rewriting attachment sandboxing); phishing simulation results for past 12 months,Security Operations Manager,2026-12-10,Text output + Screenshots + Reports,Open
PBC-070,DAT-01,Data retention schedule document; quarterly purge job output and verification sign-offs for past 12 months,Privacy and Data Governance Lead,2026-12-20,PDF + Reports with sign-offs,Open
PBC-071,DAT-02,PAN discovery job configuration and results for past four quarters; incident tickets for any PAN found outside CDE with disposition,Privacy and Data Governance Lead,2026-12-20,Screenshots + Reports + Tickets (if applicable),Open
PBC-072,DAT-03,Data classification standard; data inventory showing confidential agency data; disposal certificates for terminated contracts during audit period,Privacy and Data Governance Lead,2026-12-20,PDF + Excel + Certificates,Open
PBC-073,BCP-01,Business continuity and disaster recovery plan current version with approval; business impact analysis,IT Operations Manager,2026-12-15,PDF + PDF or Excel,Open
PBC-074,BCP-02,Annual DR test plan and results report for most recent test; gap tickets from test results,IT Operations Manager,2026-12-20,PDF + ServiceNow export,Open
